date,close
2023-08-07,3.689
2023-08-08,3.647
2023-08-09,3.672
2023-08-10,3.687
2023-08-11,3.698
2023-08-14,3.747
2023-08-16,3.712
2023-08-17,3.788
2023-08-18,3.729
2023-08-21,3.795
2023-08-22,3.802
2023-08-23,3.771
2023-08-24,3.759
2023-08-25,3.789
2023-08-28,3.759
2023-08-29,3.74
2023-08-30,3.732
2023-08-31,3.711
2023-09-01,3.689
2023-09-04,3.738
2023-09-05,3.765
2023-09-06,3.765
2023-09-07,3.847
2023-09-08,3.795
2023-09-11,3.865
2023-09-12,3.863
2023-09-13,3.853
2023-09-14,3.836
2023-09-15,3.85
2023-09-18,3.891
2023-09-19,3.887
2023-09-20,3.89
2023-09-21,3.93
2023-09-22,3.876
2023-09-25,3.876
2023-09-26,3.891
2023-09-27,3.884
2023-10-04,4.108
2023-10-05,4.081
2023-10-06,4.015
2023-10-10,3.997
2023-10-11,3.953
2023-10-12,3.932
2023-10-13,3.957
2023-10-16,3.973
2023-10-17,3.991
2023-10-18,4.031
2023-10-19,4.07
2023-10-20,4.033
2023-10-23,4.055
2023-10-24,4.004
2023-10-25,4.038
2023-10-26,4.104
2023-10-27,4.073
2023-10-30,4.089
2023-10-31,4.085
2023-11-01,4.071
2023-11-02,3.979
2023-11-03,3.949
2023-11-06,3.877
2023-11-07,3.887
2023-11-08,3.868
2023-11-09,3.847
2023-11-10,3.862
2023-11-13,3.877
2023-11-14,3.857
2023-11-15,3.744
2023-11-16,3.701
2023-11-17,3.681
2023-11-20,3.667
2023-11-21,3.644
2023-11-22,3.666
2023-11-23,3.644
2023-11-24,3.677
2023-11-27,3.689
2023-11-28,3.648
2023-11-29,3.554
2023-11-30,3.583
2023-12-01,3.587
2023-12-04,3.531
2023-12-05,3.484
2023-12-06,3.463
2023-12-07,3.511
2023-12-08,3.461
2023-12-11,3.48
2023-12-12,3.446
2023-12-13,3.465
2023-12-14,3.258
2023-12-15,3.281
2023-12-18,3.277
2023-12-19,3.296
2023-12-20,3.232
2023-12-21,3.236
2023-12-22,3.234
2023-12-26,3.221
2023-12-27,3.22
2023-12-28,3.154
2023-12-29,3.154
2024-01-02,3.24
2024-01-03,3.278
2024-01-04,3.227
2024-01-05,3.283
2024-01-08,3.297
2024-01-09,3.255
2024-01-10,3.269
2024-01-11,3.227
2024-01-12,3.204
2024-01-15,3.191
2024-01-16,3.235
2024-01-17,3.277
2024-01-18,3.285
2024-01-19,3.307
2024-01-22,3.278
2024-01-23,3.286
2024-01-24,3.3
2024-01-25,3.313
2024-01-26,3.263
2024-01-29,3.304
2024-01-30,3.268
2024-01-31,3.261
2024-02-01,3.267
2024-02-02,3.248
2024-02-05,3.312
2024-02-06,3.292
2024-02-07,3.286
2024-02-08,3.305
2024-02-13,3.353
2024-02-14,3.425
2024-02-15,3.405
2024-02-16,3.405
2024-02-19,3.397
2024-02-20,3.405
2024-02-21,3.402
2024-02-22,3.342
2024-02-23,3.374
2024-02-26,3.34
2024-02-27,3.364
2024-02-28,3.359
2024-02-29,3.385
2024-03-04,3.36
2024-03-05,3.349
2024-03-06,3.325
2024-03-07,3.321
2024-03-08,3.271
2024-03-11,3.275
2024-03-12,3.273
2024-03-13,3.251
2024-03-14,3.273
2024-03-15,3.308
2024-03-18,3.348
2024-03-19,3.383
2024-03-20,3.371
2024-03-21,3.306
2024-03-22,3.284
2024-03-25,3.29
2024-03-26,3.301
2024-03-27,3.288
2024-03-28,3.293
2024-03-29,3.322
2024-04-01,3.291
2024-04-02,3.333
2024-04-03,3.341
2024-04-04,3.338
2024-04-05,3.329
2024-04-08,3.383
2024-04-09,3.391
2024-04-11,3.466
2024-04-12,3.403
2024-04-15,3.44
2024-04-16,3.469
2024-04-17,3.475
2024-04-18,3.427
2024-04-19,3.468
2024-04-22,3.512
2024-04-23,3.489
2024-04-24,3.509
2024-04-25,3.543
2024-04-26,3.531
2024-04-29,3.552
2024-04-30,3.529
2024-05-02,3.509
2024-05-03,3.5
2024-05-07,3.448
2024-05-08,3.439
2024-05-09,3.453
2024-05-10,3.44
2024-05-13,3.452
2024-05-14,3.454
2024-05-16,3.375
2024-05-17,3.379
2024-05-20,3.412
2024-05-21,3.411
2024-05-22,3.409
2024-05-23,3.402
2024-05-24,3.423
2024-05-27,3.413
2024-05-28,3.394
2024-05-29,3.425
2024-05-30,3.44
2024-05-31,3.452
2024-06-03,3.434
2024-06-04,3.39
2024-06-05,3.345
2024-06-07,3.308
2024-06-10,3.353
2024-06-11,3.341
2024-06-12,3.307
2024-06-13,3.277
2024-06-14,3.252
2024-06-17,3.212
2024-06-18,3.214
2024-06-19,3.162
2024-06-20,3.196
2024-06-21,3.176
2024-06-24,3.194
2024-06-25,3.201
2024-06-26,3.215
2024-06-27,3.22
2024-06-28,3.182
2024-07-01,3.21
2024-07-02,3.169
2024-07-03,3.16
2024-07-04,3.128
2024-07-05,3.115
2024-07-08,3.119
2024-07-09,3.114
2024-07-10,3.12
2024-07-11,3.163
2024-07-12,3.101
2024-07-15,3.076
2024-07-16,3.035
2024-07-17,3.05
2024-07-18,3.058
2024-07-19,3.074
2024-07-22,3.071
2024-07-23,3.084
2024-07-24,3.046
2024-07-25,3.024
2024-07-26,3.024
2024-07-29,2.978
2024-07-30,2.994
2024-07-31,3.004
2024-08-01,2.976
2024-08-02,2.939
2024-08-05,2.806
2024-08-06,2.935
2024-08-07,2.929
2024-08-08,2.911
2024-08-09,2.941
2024-08-12,2.946
2024-08-13,2.918
2024-08-14,2.888
2024-08-16,2.928
2024-08-19,2.927
2024-08-20,2.944
2024-08-21,2.94
2024-08-22,2.907
2024-08-23,2.92
2024-08-26,2.89
2024-08-27,2.94
2024-08-28,2.919
2024-08-29,2.939
2024-08-30,2.953
2024-09-02,2.989
2024-09-03,2.981
2024-09-04,2.931
2024-09-05,2.905
2024-09-06,2.881
2024-09-09,2.897
2024-09-10,2.877
2024-09-11,2.82
2024-09-12,2.866
2024-09-13,2.822
2024-09-19,2.843
2024-09-20,2.838
2024-09-23,2.864
2024-09-24,2.854
2024-09-25,2.812
2024-09-26,2.807
2024-09-27,2.826
2024-09-30,2.811
2024-10-02,2.78
2024-10-04,2.824
2024-10-07,2.96
2024-10-08,2.932
2024-10-10,2.962
2024-10-11,2.947
2024-10-14,2.938
2024-10-15,2.906
2024-10-16,2.88
2024-10-17,2.897
2024-10-18,2.908
2024-10-21,2.902
2024-10-22,2.943
2024-10-23,2.936
2024-10-24,2.891
2024-10-25,2.882
2024-10-28,2.932
2024-10-29,2.936
2024-10-30,2.937
2024-10-31,2.936
2024-11-01,2.939
2024-11-04,2.935
2024-11-05,2.918
2024-11-06,2.96
2024-11-07,2.922
2024-11-08,2.889
2024-11-11,2.901
2024-11-12,2.9
2024-11-13,2.939
2024-11-14,2.929
2024-11-15,2.941
2024-11-18,2.915
2024-11-19,2.889
2024-11-20,2.873
2024-11-21,2.829
2024-11-22,2.816
2024-11-25,2.773
2024-11-26,2.773
2024-11-27,2.741
2024-11-28,2.638
2024-11-29,2.607
2024-12-02,2.567
2024-12-03,2.585
2024-12-04,2.626
2024-12-05,2.603
2024-12-06,2.62
2024-12-09,2.579
2024-12-10,2.524
2024-12-11,2.536
2024-12-12,2.549
2024-12-13,2.541
2024-12-16,2.553
2024-12-17,2.621
2024-12-18,2.536
2024-12-19,2.603
2024-12-20,2.629
2024-12-23,2.616
2024-12-24,2.626
2024-12-26,2.648
2024-12-27,2.634
2024-12-30,2.597
2024-12-31,2.596
2025-01-02,2.507
2025-01-03,2.482
2025-01-06,2.524
2025-01-07,2.508
2025-01-08,2.505
2025-01-09,2.5
2025-01-10,2.561
2025-01-13,2.664
2025-01-14,2.646
2025-01-15,2.675
2025-01-16,2.626
2025-01-17,2.588
2025-01-20,2.623
2025-01-21,2.579
2025-01-22,2.577
2025-01-23,2.578
2025-01-24,2.57
2025-01-31,2.573
2025-02-03,2.572
2025-02-04,2.584
2025-02-05,2.578
2025-02-06,2.582
2025-02-07,2.635
2025-02-10,2.638
2025-02-11,2.633
2025-02-12,2.651
2025-02-13,2.631
2025-02-14,2.611
2025-02-17,2.623
2025-02-18,2.641
2025-02-19,2.63
2025-02-20,2.628
2025-02-21,2.618
2025-02-24,2.61
2025-02-25,2.596
2025-02-26,2.591
2025-02-27,2.592
2025-02-28,2.566
2025-03-04,2.541
2025-03-05,2.565
2025-03-06,2.594
2025-03-07,2.565
2025-03-10,2.596
2025-03-11,2.56
2025-03-12,2.55
2025-03-13,2.57
2025-03-14,2.596
2025-03-17,2.601
2025-03-18,2.598
2025-03-19,2.621
2025-03-20,2.598
2025-03-21,2.597
2025-03-24,2.604
2025-03-25,2.612
2025-03-26,2.618
2025-03-27,2.622
2025-03-28,2.629
2025-03-31,2.569
2025-04-01,2.581
2025-04-02,2.584
2025-04-03,2.529
2025-04-04,2.461
2025-04-07,2.405
2025-04-08,2.413
2025-04-09,2.434
2025-04-10,2.437
2025-04-11,2.411
2025-04-14,2.408
2025-04-15,2.399
2025-04-16,2.351
2025-04-17,2.385
2025-04-18,2.362
2025-04-21,2.331
2025-04-22,2.33
2025-04-23,2.337
2025-04-24,2.341
2025-04-25,2.305
2025-04-28,2.316
2025-04-29,2.31
2025-04-30,2.267
2025-05-02,2.282
2025-05-07,2.253
2025-05-08,2.281
2025-05-09,2.331
2025-05-12,2.33
2025-05-13,2.37
2025-05-14,2.351
2025-05-15,2.362
2025-05-16,2.319
2025-05-19,2.366
2025-05-20,2.33
2025-05-21,2.345
2025-05-22,2.336
2025-05-23,2.338
2025-05-26,2.348
2025-05-27,2.34
2025-05-28,2.314
2025-05-29,2.341
2025-05-30,2.347
2025-06-02,2.34
2025-06-04,2.414
2025-06-05,2.412
2025-06-09,2.405
2025-06-10,2.385
2025-06-11,2.419
2025-06-12,2.429
2025-06-13,2.462
2025-06-16,2.483
2025-06-17,2.448
2025-06-18,2.472
2025-06-19,2.475
2025-06-20,2.463
2025-06-23,2.498
2025-06-24,2.461
2025-06-25,2.46
2025-06-26,2.454
2025-06-27,2.453
2025-06-30,2.452
2025-07-01,2.454
2025-07-02,2.483
2025-07-03,2.449
2025-07-04,2.467
2025-07-07,2.482
2025-07-08,2.477
2025-07-09,2.478
2025-07-10,2.433
2025-07-11,2.448
2025-07-14,2.474
2025-07-15,2.463
2025-07-16,2.459
2025-07-17,2.479
2025-07-18,2.474
2025-07-21,2.456
2025-07-22,2.463
2025-07-23,2.458
2025-07-24,2.467
2025-07-25,2.485
2025-07-28,2.464
2025-07-29,2.46
2025-07-30,2.454
2025-07-31,2.46
2025-08-01,2.478
2025-08-04,2.421
2025-08-05,2.425
2025-08-06,2.43
2025-08-07,2.408
2025-08-08,2.409
2025-08-11,2.42
2025-08-12,2.431
2025-08-13,2.417
2025-08-14,2.404
2025-08-18,2.426
2025-08-19,2.444
2025-08-20,2.441
2025-08-21,2.438
2025-08-22,2.456
2025-08-25,2.434
2025-08-26,2.422
2025-08-27,2.402
2025-08-28,2.416
2025-08-29,2.426
2025-09-01,2.435
2025-09-02,2.45
2025-09-03,2.475
2025-09-04,2.472
2025-09-05,2.46
2025-09-08,2.448
2025-09-09,2.425
2025-09-10,2.43
2025-09-11,2.42
2025-09-12,2.431
2025-09-15,2.443
2025-09-16,2.417
2025-09-17,2.418
2025-09-18,2.403
2025-09-19,2.441
2025-09-22,2.459
2025-09-23,2.46
2025-09-24,2.489
2025-09-25,2.528
2025-09-26,2.562
2025-09-29,2.563
2025-09-30,2.582
2025-10-01,2.596
2025-10-02,2.581
2025-10-10,2.591
2025-10-13,2.554
2025-10-14,2.533
2025-10-15,2.52
2025-10-16,2.569
2025-10-17,2.555
2025-10-20,2.569
2025-10-21,2.6
2025-10-22,2.572
2025-10-23,2.605
2025-10-24,2.591
2025-10-27,2.62
2025-10-28,2.633
2025-10-29,2.677
2025-10-30,2.732
2025-10-31,2.716
2025-11-03,2.741
2025-11-04,2.729
2025-11-05,2.767
2025-11-06,2.834
2025-11-07,2.894
2025-11-10,2.865
2025-11-11,2.831
2025-11-12,2.923
2025-11-13,2.932
2025-11-14,2.944
2025-11-17,2.914
2025-11-18,2.872
2025-11-19,2.869
2025-11-20,2.908
2025-11-21,2.872
2025-11-24,2.904
2025-11-25,2.902
2025-11-26,2.895
2025-11-27,3.013
2025-11-28,2.991
2025-12-01,3.045
2025-12-02,3.022
2025-12-03,3.041
2025-12-04,3.025
2025-12-05,2.994
2025-12-08,3.034
2025-12-09,3.084
2025-12-10,3.095
2025-12-11,3.101
2025-12-12,3.093
2025-12-15,3.0
2025-12-16,2.999
2025-12-17,2.996
2025-12-18,2.967
2025-12-19,3.01
2025-12-22,2.999
2025-12-23,2.963
2025-12-24,2.939
2025-12-26,2.958
2025-12-29,2.939
2025-12-30,2.952
2025-12-31,2.953
2026-01-02,2.935
2026-01-05,2.933
2026-01-06,2.948
2026-01-07,2.91
2026-01-08,2.902
2026-01-09,2.942
2026-01-12,2.98
2026-01-13,3.003
2026-01-14,2.996
2026-01-15,3.09
2026-01-16,3.08
2026-01-19,3.13
2026-01-20,3.191
2026-01-21,3.138
2026-01-22,3.109
2026-01-23,3.137
2026-01-26,3.096
2026-01-27,3.094
2026-01-28,3.067
2026-01-29,3.106
2026-01-30,3.138
2026-02-02,3.152
2026-02-03,3.189
2026-02-04,3.212
2026-02-05,3.204
2026-02-06,3.233
2026-02-09,3.267
2026-02-10,3.224
2026-02-11,3.2
2026-02-12,3.154
2026-02-13,3.142
2026-02-19,3.178
2026-02-20,3.143
2026-02-23,3.154
2026-02-24,3.158
2026-02-25,3.124
2026-02-26,3.062
2026-02-27,3.041
2026-03-03,3.18
2026-03-04,3.223
2026-03-05,3.189
2026-03-06,3.227
2026-03-09,3.42
2026-03-10,3.283
2026-03-11,3.253
2026-03-12,3.271
2026-03-13,3.338
2026-03-16,3.3
2026-03-17,3.324
2026-03-18,3.261
2026-03-19,3.329
2026-03-20,3.41
2026-03-23,3.617
2026-03-24,3.523
2026-03-25,3.558
2026-03-26,3.552
2026-03-27,3.582
2026-03-30,3.542
2026-03-31,3.552
2026-04-01,3.37
2026-04-02,3.477
2026-04-03,3.448
2026-04-06,3.432
2026-04-07,3.451
2026-04-08,3.315
2026-04-09,3.338
2026-04-10,3.36
2026-04-13,3.382
2026-04-14,3.339
2026-04-15,3.328
2026-04-16,3.34
2026-04-17,3.371
2026-04-20,3.348
2026-04-21,3.33
2026-04-22,3.365
2026-04-23,3.458
2026-04-24,3.496
2026-04-27,3.492
2026-04-28,3.529
2026-04-29,3.525
2026-04-30,3.595
2026-05-04,3.615
2026-05-06,3.595
2026-05-07,3.546
2026-05-08,3.569
2026-05-11,3.598
2026-05-12,3.674
2026-05-13,3.635
2026-05-14,3.654
2026-05-15,3.766
2026-05-18,3.757
2026-05-19,3.751
2026-05-20,3.76
2026-05-21,3.753
2026-05-22,3.736
2026-05-26,3.664
2026-05-27,3.711
2026-05-28,3.766
2026-05-29,3.731
2026-06-01,3.79
2026-06-02,3.773
2026-06-04,3.858
2026-06-05,3.882
2026-06-08,3.94
2026-06-09,3.856
2026-06-10,3.881
2026-06-11,3.904
2026-06-12,3.808
2026-06-15,3.744
2026-06-16,3.717
2026-06-17,3.71
2026-06-18,3.75
2026-06-19,3.784
2026-06-22,3.81
2026-06-23,3.77
2026-06-24,3.772
2026-06-25,3.757
2026-06-26,3.722
2026-06-29,3.733
2026-06-30,3.703
2026-07-01,3.791
2026-07-02,3.747
2026-07-03,3.748
2026-07-06,3.776
2026-07-07,3.78
2026-07-08,3.775
2026-07-09,3.778
2026-07-10,3.768
2026-07-13,3.809
2026-07-14,3.887
2026-07-15,3.866
2026-07-16,3.848
2026-07-20,3.895
2026-07-21,3.867
2026-07-22,3.913
2026-07-23,3.917
2026-07-24,3.959
2026-07-27,3.865
2026-07-28,3.829
2026-07-29,3.8
2026-07-30,3.831
2026-07-31,3.758
2026-08-03,3.742
2026-08-04,3.74
2026-08-05,3.669
2026-08-06,3.742
2026-08-07,3.746
2026-08-10,3.778
2026-08-11,3.808
2026-08-12,3.791
2026-08-13,3.781
2026-08-14,3.796
2026-08-18,3.847
2026-08-19,3.798
2026-08-20,3.811
2026-08-21,3.854
2026-08-24,3.836
2026-08-25,3.83
2026-08-26,3.816
2026-08-27,3.755
